,incident_location
9935 4th Drive,1
4214 MLK Ridge,1
8548 Cherokee Ridge,1
2352 MLK Drive,1
9734 2nd Ridge,1
3122 Apache Drive,1
9816 Britain St,1
8214 Flute St,1
6259 Lincoln Hwy,1
4492 Andromedia Ave,1
6179 3rd Ridge,1
3799 Embaracadero Drive,1
5071 1st Lane,1
6574 4th Drive,1
2711 Britain Ave,1
7976 Britain Drive,1
3555 Francis Ridge,1
4995 Weaver Ridge,1
1515 Embaracadero St,1
2968 Andromedia Ave,1
9236 2nd Hwy,1
9639 Britain Ridge,1
9422 Washington Ridge,1
1213 4th Lane,1
3872 5th Drive,1
9397 5th Hwy,1
8876 1st St,1
3397 5th Ave,1
3263 Pine Ridge,1
8639 5th Hwy,1
4835 Britain Ridge,1
9562 4th Ridge,1
6834 1st Drive,1
1953 Sky Lane,1
4702 Texas Drive,1
2757 4th Hwy,1
6678 Weaver Drive,1
8667 Weaver Lane,1
4931 Maple Drive,1
3808 5th Ave,1
1725 Solo Lane,1
8097 Maple Lane,1
3320 5th Hwy,1
9573 2nd Ave,1
8336 1st Ridge,1
3998 4th Hwy,1
3966 Oak Hwy,1
7601 Andromedia Lane,1
5160 2nd Hwy,1
3288 Tree Lane,1
5874 1st Hwy,1
6467 Best Ave,1
6309 5th Ave,1
8212 Rock Ave,1
4107 MLK Ridge,1
4558 3rd Hwy,1
1762 Maple Hwy,1
5532 Francis Lane,1
6158 Sky Ridge,1
9214 Elm Ridge,1
1833 Solo Ave,1
5743 4th Ridge,1
4939 Oak Lane,1
6608 MLK Hwy,1
3771 4th St,1
8872 Oak Ridge,1
5022 1st St,1
3423 Francis Ave,1
9529 4th Drive,1
1818 Tree St,1
4431 Rock St,1
4782 Sky Lane,1
7112 Weaver Ave,1
4020 Best Drive,1
2037 5th Drive,1
4699 Texas Ridge,1
1832 Elm Hwy,1
5226 Maple St,1
8701 5th Lane,1
3100 Best St,1
7574 4th St,1
1989 Solo Lane,1
6331 MLK Ave,1
8453 Elm St,1
1422 Flute Ave,1
5058 4th Lane,1
3098 Oak Lane,1
9103 MLK Lane,1
8624 Francis Ave,1
2905 Embaracadero Drive,1
3443 Maple Ridge,1
1618 Maple Hwy,1
3751 Tree Hwy,1
7314 Tree Drive,1
8920 Best Ave,1
3127 Flute St,1
6399 Oak Drive,1
3029 5th Ave,1
8941 Solo Ridge,1
4447 Francis Hwy,1
7701 Tree St,1
4653 Pine St,1
8742 4th St,1
7316 Texas Ave,1
2950 MLK Ave,1
8233 Tree Drive,1
4642 Rock Ridge,1
7733 Britain Lane,1
2753 Cherokee Ave,1
3995 Lincoln Hwy,1
4095 MLK St,1
5782 Rock Drive,1
2900 Sky Drive,1
1515 Pine Lane,1
4876 Washington Drive,1
5779 2nd Lane,1
6706 Francis Drive,1
6384 5th Ridge,1
3006 Lincoln Ridge,1
5352 Lincoln Drive,1
6110 Rock Ridge,1
7797 Tree Ridge,1
4910 1st Lane,1
8766 Lincoln Lane,1
9751 Tree St,1
8949 Rock Hwy,1
3028 5th St,1
3089 Oak Ridge,1
2193 4th Ridge,1
8897 Sky St,1
9611 Pine Ridge,1
7825 1st Ridge,1
3039 Oak Hwy,1
8204 Pine Lane,1
9787 Andromedia Ave,1
9633 Rock Hwy,1
6303 1st Drive,1
2014 Rock Ave,1
8983 Tree St,1
6260 5th Lane,1
2725 Britain Ridge,1
6206 3rd Ridge,1
7628 4th Lane,1
7240 5th Ridge,1
8100 3rd Ave,1
3282 4th Lane,1
3227 Maple Ave,1
4264 Lincoln Ridge,1
2215 Best Ave,1
5363 Weaver Lane,1
2397 Cherokee Ave,1
9794 Embaracadero St,1
1810 Elm Hwy,1
9603 Texas Lane,1
5650 Sky Drive,1
9633 MLK Lane,1
3508 Washington St,1
8618 Texas Lane,1
8081 Flute Ridge,1
7223 Embaracadero St,1
7061 Cherokee Drive,1
1325 1st Lane,1
3769 Sky St,1
8489 Pine Hwy,1
6329 Apache Ave,1
9293 Pine Lane,1
9224 Sky Drive,1
8862 Maple Ridge,1
3492 Flute Lane,1
6484 Tree Drive,1
4554 Sky Ave,1
5201 Texas Hwy,1
3982 Weaver Lane,1
3660 Andromedia Hwy,1
7135 Flute Lane,1
4414 Solo Drive,1
2920 5th Ave,1
2986 MLK Drive,1
1580 Maple Lane,1
3706 Texas Hwy,1
9109 Britain Drive,1
2290 4th Ave,1
4232 Britain Ridge,1
6677 Andromedia Drive,1
5868 Sky Hwy,1
3053 Lincoln Drive,1
7041 Tree Ridge,1
4981 Flute Hwy,1
9078 Francis Ridge,1
1381 Francis Ave,1
5894 Flute Drive,1
7447 Lincoln Ridge,1
1821 Andromedia Ridge,1
6859 Flute Ridge,1
4175 Elm Ridge,1
5007 Oak St,1
5790 Flute Ridge,1
8704 Britain Lane,1
7816 MLK Lane,1
3618 Maple Lane,1
7705 Lincoln Drive,1
8602 Washington Ridge,1
2832 Andromedia Lane,1
9760 4th Hwy,1
2509 Rock Drive,1
2063 Weaver St,1
3818 Texas Ridge,1
3929 Elm Ave,1
9911 Britain Lane,1
3246 Britain Ridge,1
2696 Cherokee Ridge,1
5249 4th Ave,1
4721 Cherokee Hwy,1
8212 Flute Ridge,1
3592 MLK Ridge,1
6494 4th Ave,1
6608 Apache Lane,1
1553 Lincoln St,1
8459 Apache Ave,1
5093 Flute Lane,1
6435 Texas Ave,1
7069 4th Hwy,1
1248 MLK Ridge,1
3323 1st Lane,1
6971 Best Ridge,1
7488 Lincoln Lane,1
9007 Francis Hwy,1
1491 Francis Ridge,1
3659 Oak Lane,1
4176 Britain Hwy,1
5189 Francis Drive,1
6515 Oak Lane,1
7168 Andromedia Ridge,1
7954 Tree Ridge,1
1956 Apache St,1
9918 Andromedia Drive,1
5499 Flute Ridge,1
3311 2nd Drive,1
7609 Rock St,1
4652 Flute Drive,1
6853 Sky Hwy,1
7780 Flute Lane,1
1687 3rd Lane,1
6378 Britain Ave,1
1306 Andromedia St,1
3664 Francis Ridge,1
5985 Lincoln Lane,1
3706 4th Hwy,1
6603 Francis Hwy,1
6848 Elm Hwy,1
4237 4th St,1
6581 Rock Ridge,1
4496 Pine Lane,1
9523 Solo Hwy,1
3171 Andromedia Lane,1
2492 Lincoln Lane,1
4477 5th Ave,1
6724 Andromedia St,1
7495 Washington Ave,1
4291 Sky Hwy,1
5650 Rock Ave,1
6888 Elm Ridge,1
2352 Sky Drive,1
5280 Pine Ave,1
6638 Tree Drive,1
5678 Lincoln Drive,1
8845 5th Ave,1
2577 Texas Ridge,1
9317 Apache Ave,1
8638 3rd Ave,1
3061 Francis Hwy,1
1173 Andromedia Ave,1
6068 2nd St,1
7937 Weaver Ridge,1
2823 Weaver Lane,1
1809 Sky St,1
9352 Washington Ave,1
2697 Oak Drive,1
1110 4th Drive,1
7535 5th Lane,1
9043 Maple Hwy,1
2311 4th St,1
6604 Apache Drive,1
9278 Francis Ridge,1
1030 Pine Lane,1
8125 Texas Ridge,1
4826 5th St,1
1578 5th Lane,1
6440 Rock Lane,1
5806 Embaracadero St,1
1472 4th Drive,1
5839 Weaver Lane,1
7630 Rock Drive,1
7144 Andromedia St,1
9988 Rock Ridge,1
7544 Washington Ave,1
7201 Washington Ave,1
8805 Cherokee Drive,1
3275 Pine St,1
7785 Lincoln Lane,1
4994 Lincoln Drive,1
1298 Maple Hwy,1
2644 MLK Drive,1
5630 1st Drive,1
6137 MLK St,1
5383 Maple Drive,1
4460 4th Lane,1
8524 Pine Lane,1
8456 1st Ave,1
3639 Flute Hwy,1
7900 Sky Hwy,1
7835 Cherokee Hwy,1
3777 Maple Ave,1
5608 Solo St,1
6981 Weaver St,1
5475 Rock Lane,1
1320 Flute Lane,1
1229 5th Ave,1
3884 Pine Lane,1
7108 Tree St,1
8014 Embaracadero Drive,1
4937 Flute Drive,1
2889 Francis St,1
7504 Flute Drive,1
7570 Cherokee Drive,1
4710 Lincoln Hwy,1
7511 1st Ave,1
7042 Maple Ridge,1
4475 Lincoln Ridge,1
9439 MLK St,1
8269 Sky Hwy,1
5663 Oak Lane,1
4633 5th Lane,1
9682 Cherokee Ridge,1
4755 1st St,1
5312 Francis Ridge,1
1705 Weaver St,1
1643 Washington Hwy,1
6516 Solo Drive,1
6045 Andromedia St,1
3092 Texas Drive,1
7629 5th St,1
6128 Elm Lane,1
8215 Flute Drive,1
8167 Apache Ave,1
4369 Maple Lane,1
8811 Maple Hwy,1
6931 Elm St,1
7583 Washington Ave,1
7552 3rd St,1
1654 Pine St,1
6058 Andromedia Hwy,1
6536 MLK Hwy,1
8198 Embaracadero Lane,1
3447 Solo Ave,1
1806 Weaver Ridge,1
7930 Texas Ave,1
7082 Oak Ridge,1
6357 Texas Lane,1
9322 Rock Hwy,1
6684 Solo Lane,1
4885 Oak Lane,1
7846 Andromedia Drive,1
3915 Embaracadero St,1
4242 Rock Lane,1
7405 Oak St,1
9633 4th St,1
3492 Britain St,1
7973 4th St,1
3952 Andromedia Lane,1
6702 Andromedia St,1
5455 Oak Hwy,1
2253 Maple Ave,1
7897 Lincoln St,1
3841 Washington Lane,1
2849 Pine Drive,1
7236 Apache Lane,1
6741 Oak Ridge,1
8617 Best Ave,1
9856 Apache St,1
1951 Best Ave,1
1824 5th Lane,1
7393 Washington St,1
1386 Britain St,1
7928 Maple Ridge,1
1546 Cherokee Ave,1
2003 2nd Hwy,1
9418 5th Hwy,1
8770 1st Lane,1
1087 Flute Drive,1
2217 Tree Lane,1
2123 MLK Ridge,1
5769 Texas Lane,1
4390 4th Drive,1
1437 3rd Lane,1
1186 Rock St,1
4394 Oak St,1
8368 Cherokee Ave,1
4905 Best Lane,1
3618 Sky Ave,1
5459 MLK Ave,1
1371 Texas Lane,1
2654 Embaracadero St,1
2123 Texas Ave,1
4538 Flute Hwy,1
4434 Weaver St,1
8211 Sky Hwy,1
4857 Weaver St,1
1275 4th Ridge,1
7745 Washington Ridge,1
3846 4th Hwy,1
5028 Maple Ridge,1
7426 Rock Drive,1
5771 Best St,1
9818 Cherokee Ave,1
7819 2nd Ave,1
1331 Elm Ridge,1
9240 Britain Ave,1
6668 Andromedia Ridge,1
5276 2nd Lane,1
2889 Weaver St,1
1879 4th Lane,1
5499 Elm Hwy,1
8822 Sky St,1
4254 Best Ridge,1
5812 Weaver Ave,1
7155 Apache Drive,1
1376 Pine St,1
3340 3rd Hwy,1
3097 4th Drive,1
1916 Elm St,1
8917 Cherokee Lane,1
8492 Weaver Hwy,1
3753 Francis Lane,1
4545 4th Ridge,1
2272 Embaracadero Drive,1
5341 5th Ave,1
2798 1st Ave,1
2809 Francis Lane,1
7281 Oak St,1
9942 Tree Ave,1
1102 Apache Hwy,1
9214 Texas Drive,1
8991 Texas Hwy,1
9580 MLK Ave,1
5868 Best Drive,1
5318 5th Ave,1
7502 Rock Lane,1
4627 Elm Ridge,1
5584 Britain Lane,1
7002 Oak Hwy,1
4780 Best Drive,1
8995 1st Ave,1
5586 2nd St,1
1589 Best Ave,1
1880 Weaver Drive,1
7295 Tree Hwy,1
8832 Pine Drive,1
1620 Oak Ave,1
3847 Elm Hwy,1
3177 MLK Ridge,1
3929 Oak Drive,1
1469 Lincoln Drive,1
9719 4th Lane,1
3196 Cherokee St,1
8492 Andromedia Ridge,1
1353 Washington St,1
6731 Andromedia Hwy,1
5474 Weaver Hwy,1
5969 Francis St,1
9878 Washington Ave,1
9177 Texas Ave,1
2537 5th Ave,1
8493 Apache Drive,1
2878 Britain Hwy,1
2862 Tree Ridge,1
4453 Best Ave,1
5191 4th St,1
1364 Best St,1
8946 2nd Drive,1
3726 MLK Hwy,1
2820 Britain St,1
2646 MLK Drive,1
6256 Elm St,1
9724 Maple St,1
7397 4th Drive,1
3488 Flute Lane,1
9082 3rd Lane,1
1941 5th Ridge,1
5333 MLK Lane,1
4577 Sky Hwy,1
4814 Lincoln Lane,1
2381 1st Hwy,1
6939 3rd Hwy,1
5269 Flute Hwy,1
7197 2nd Drive,1
1741 Best Ridge,1
9148 4th Hwy,1
4279 Solo Drive,1
9821 Francis Ave,1
7178 Best Drive,1
9066 Best Ridge,1
7534 MLK Hwy,1
3770 Flute Drive,1
1562 Britain St,1
1681 Cherokee Hwy,1
7523 Oak Lane,1
1815 Cherokee Drive,1
9316 Pine Ave,1
2733 Texas Drive,1
7684 Francis Ridge,1
8991 Embaracadero Ave,1
4905 Francis Ave,1
7783 Lincoln Hwy,1
8749 Tree St,1
4985 Sky Lane,1
8689 Maple Hwy,1
1598 3rd Drive,1
9153 3rd Hwy,1
5904 1st Drive,1
4519 Embaracadero St,1
9706 MLK Lane,1
6012 Texas Hwy,1
4098 Weaver Ridge,1
6193 1st Hwy,1
4053 Sky Lane,1
8964 Francis St,1
9748 Sky Drive,1
2293 Washington Ave,1
3656 Solo Ave,1
8579 Apache Drive,1
6375 2nd Lane,1
4268 2nd Ave,1
8150 Washington Ridge,1
5621 4th Ave,1
1240 Tree Lane,1
8983 Francis Ridge,1
7756 Solo Drive,1
9034 Weaver Ridge,1
1126 Texas Hwy,1
2808 Elm St,1
5061 Francis Ave,1
4965 MLK Drive,1
8668 Flute St,1
2577 Washington Drive,1
7709 Rock Lane,1
9358 Texas Ridge,1
8080 Oak Lane,1
6408 Weaver Ridge,1
5532 Weaver Ridge,1
9101 2nd Hwy,1
8576 Andromedia St,1
6315 2nd Lane,1
1536 Flute Drive,1
4672 MLK St,1
2204 Washington Lane,1
9484 Pine Drive,1
5431 3rd Ridge,1
7121 Britain Drive,1
8586 1st Ridge,1
7582 Pine Drive,1
1388 Embaracadero Hwy,1
2003 Maple Hwy,1
5445 Tree Hwy,1
9730 2nd Hwy,1
9798 Sky Ridge,1
2005 Texas Hwy,1
6634 Texas Ridge,1
8655 Cherokee Lane,1
4955 Lincoln Ridge,1
7705 Best Ridge,1
5838 Pine Lane,1
7331 Sky Hwy,1
5640 Embaracadero Lane,1
9610 Cherokee St,1
3550 Washington Ave,1
5277 Texas Lane,1
3654 Cherokee Ave,1
7380 5th Hwy,1
2539 Embaracadero Ridge,1
4693 Lincoln Hwy,1
2376 Sky Ridge,1
1273 Rock Lane,1
8281 Lincoln Lane,1
6429 4th Hwy,1
2201 4th Lane,1
5506 Best St,1
8404 Embaracadero St,1
2117 Lincoln Hwy,1
6359 MLK Ridge,1
9751 Sky Ridge,1
9020 Elm Ave,1
1830 Sky St,1
5483 Francis Drive,1
8782 3rd St,1
7819 Oak St,1
9742 5th Ridge,1
1845 Best St,1
2500 Tree St,1
6955 Pine Drive,1
6165 Rock Ridge,1
3653 Elm Drive,1
5812 3rd Hwy,1
4939 Best St,1
4964 Elm Lane,1
9588 Solo St,1
8718 Apache Lane,1
3590 Best Hwy,1
6149 Best Ridge,1
4116 Embaracadero Lane,1
3486 Flute Ave,1
5994 5th Ave,1
9138 3rd St,1
3743 Andromedia Ridge,1
7644 Tree Ridge,1
3167 2nd St,1
3327 Lincoln Drive,1
8621 Best Ridge,1
3878 Tree Lane,1
9760 Solo Lane,1
9138 1st St,1
3414 Elm Ave,1
3172 Tree Ridge,1
6104 Oak Ave,1
7740 MLK St,1
2275 Best Lane,1
1840 Embaracadero Ave,1
7476 4th St,1
8353 Britain Ridge,1
3540 Maple St,1
3104 Sky Drive,1
4981 Weaver St,1
6676 Tree Lane,1
3930 Embaracadero St,1
3422 Flute St,1
4862 Lincoln Hwy,1
5719 2nd Lane,1
3221 Solo Ridge,1
6660 MLK Drive,1
1699 Oak Drive,1
4234 Cherokee Lane,1
8907 Tree Ave,1
7551 Britain Lane,1
6619 Flute Ave,1
6011 Britain St,1
5104 Francis Drive,1
2280 4th Ave,1
2644 Elm Drive,1
7466 MLK Ridge,1
5821 2nd St,1
6723 Best Drive,1
4866 4th Hwy,1
5418 Britain Ave,1
4296 Pine Hwy,1
2299 1st St,1
6618 Cherokee Drive,1
6092 5th Ave,1
9038 2nd Lane,1
4687 5th Drive,1
2100 Francis Drive,1
7121 Francis Lane,1
6956 Maple Drive,1
3041 3rd Ave,1
8973 Washington St,1
5846 Weaver Drive,1
3525 3rd Hwy,1
4872 Rock Ridge,1
3066 Francis Ave,1
1558 1st Ridge,1
5971 5th Hwy,1
6655 5th Drive,1
6582 Elm Lane,1
6851 3rd Drive,1
9573 Weaver Ave,1
5074 3rd St,1
4546 Tree St,1
3842 Solo Ridge,1
8101 3rd Ridge,1
5380 Pine St,1
8957 Weaver Drive,1
2526 Embaracadero Ave,1
5667 4th Drive,1
2502 Apache Hwy,1
3418 Texas Lane,1
2533 Elm St,1
3790 Andromedia Hwy,1
3220 Rock Drive,1
7459 Flute St,1
3567 4th Drive,1
2457 Washington Ave,1
9737 Solo Hwy,1
6550 Andromedia St,1
1679 2nd Hwy,1
3998 Flute St,1
2430 MLK Ave,1
7717 Britain Hwy,1
7773 Tree Hwy,1
2199 Texas Drive,1
1028 Sky Lane,1
4154 Lincoln Hwy,1
8085 Andromedia St,1
4793 4th Ridge,1
7428 Sky Hwy,1
2306 5th Lane,1
3052 Weaver Ridge,1
5211 Weaver Drive,1
7253 MLK St,1
1454 5th Ridge,1
5622 Best Ridge,1
4574 Britain Hwy,1
4539 Texas St,1
8118 Elm Ridge,1
3814 Britain Drive,1
4614 MLK Ave,1
1628 Best Drive,1
8381 Solo Hwy,1
2100 MLK St,1
5071 Flute Ridge,1
3289 Britain Drive,1
1135 Solo Lane,1
1269 Flute Drive,1
5260 Francis Drive,1
1218 Sky Hwy,1
9169 Pine Ridge,1
8538 Texas Lane,1
5783 Oak Ave,1
7721 Washington Ridge,1
8006 Maple Hwy,1
6751 Pine Ridge,1
2324 Texas Ridge,1
7923 Elm Ave,1
4755 Best Lane,1
5053 Tree Drive,1
2078 3rd Ave,1
2804 Best St,1
7877 Sky Lane,1
6530 Weaver Ave,1
3087 Oak Hwy,1
7098 Lincoln Hwy,1
5124 Maple St,1
2333 Maple Lane,1
1012 5th Lane,1
7477 MLK Drive,1
9489 3rd St,1
2087 Apache Ave,1
5540 Sky St,1
7238 2nd St,1
8442 Britain Hwy,1
1331 Britain Hwy,1
6067 Weaver Ridge,1
4058 Tree Drive,1
2086 Francis Drive,1
6717 Best Drive,1
4972 Francis Lane,1
6957 Weaver Drive,1
1512 Rock Lane,1
3693 Pine Ave,1
9879 Apache Drive,1
2494 Andromedia Drive,1
4615 Embaracadero Ave,1
1929 Britain Drive,1
5051 Elm St,1
9910 Maple Ave,1
5602 Britain St,1
6889 Cherokee St,1
3926 Rock Lane,1
6117 4th Ave,1
7576 Pine Ridge,1
2668 Cherokee St,1
6838 Flute Lane,1
6583 MLK Ridge,1
6492 4th Lane,1
7299 Apache St,1
2756 Britain Hwy,1
9360 3rd Drive,1
1655 Francis Hwy,1
9720 Lincoln Hwy,1
7066 Texas Ave,1
9728 Britain Hwy,1
4486 Cherokee Ridge,1
8021 Flute Ave,1
2220 1st Lane,1
6035 Rock Ave,1
3110 Lincoln Lane,1
8954 Apache Lane,1
2299 Britain Drive,1
1914 Francis St,1
6658 Weaver St,1
1985 5th Ave,1
1707 Sky Ave,1
6456 Andromedia Drive,1
5649 Texas Ave,1
1220 MLK Ave,1
1589 Pine St,1
8906 Elm Lane,1
2654 Elm Drive,1
6681 Texas Ridge,1
7782 Rock St,1
9286 Oak Ave,1
8758 5th St,1
7281 Maple Hwy,1
7571 Elm Ridge,1
6738 Washington Hwy,1
4188 Britain Ave,1
6934 Lincoln Ave,1
6390 Apache St,1
7615 Weaver Drive,1
6409 Cherokee Drive,1
1123 5th Lane,1
5168 5th Ave,1
3697 Apache Drive,1
1910 Sky Ave,1
2774 Apache Drive,1
2787 MLK St,1
9847 Elm St,1
7909 Andromedia Hwy,1
1957 Washington Ave,1
7649 Texas St,1
1992 Britain Drive,1
9685 Sky Ridge,1
3457 Texas Lane,1
7693 Cherokee Lane,1
3167 4th Ridge,1
1617 Rock Drive,1
7877 3rd Ridge,1
9325 Lincoln Drive,1
5855 Apache St,1
1328 Texas Lane,1
4567 Pine Ave,1
7575 Pine St,1
2850 Washington St,1
9169 Cherokee Hwy,1
6443 Washington Ridge,1
6751 5th Hwy,1
2289 Weaver Ridge,1
8306 1st Drive,1
2603 Andromedia Hwy,1
6479 Francis Ave,1
6428 Andromedia Lane,1
9081 Cherokee Hwy,1
1532 Washington St,1
4625 MLK Drive,1
1529 Elm Ridge,1
5865 Sky Lane,1
6501 5th Drive,1
4629 Elm Ridge,1
8049 4th St,1
5585 Washington Drive,1
3925 Sky St,1
3903 Oak Ave,1
3805 Lincoln Hwy,1
4055 2nd Drive,1
3707 Oak Ridge,1
7327 Lincoln Drive,1
9369 Flute Hwy,1
4239 Weaver Ave,1
6044 Weaver Drive,1
8879 1st Drive,1
9488 Best Drive,1
7500 Texas Ridge,1
2048 3rd Ridge,1
3419 Apache St,1
9875 MLK Ave,1
3553 Texas Ave,1
4335 1st St,1
9070 Tree Ave,1
3900 Texas St,1
9657 5th Ave,1
5765 Washington St,1
5997 Embaracadero Drive,1
1738 Solo Lane,1
2903 Weaver Drive,1
8926 Texas Ridge,1
4231 3rd Ave,1
9105 Tree Lane,1
6738 Francis Hwy,1
4983 MLK Ridge,1
6522 Apache Drive,1
3658 Rock Drive,1
2617 Andromedia Drive,1
9279 Oak Hwy,1
3439 Andromedia Hwy,1
5901 Elm Drive,1
3982 Washington Hwy,1
3376 5th Drive,1
3936 Tree Drive,1
6605 Tree Ave,1
3102 Apache St,1
7756 Pine Hwy,1
7142 5th Lane,1
2914 Oak Drive,1
5279 Pine Ridge,1
4585 Francis Ave,1
8078 Britain Hwy,1
1133 Apache St,1
2873 Flute Ave,1
8509 Apache St,1
8245 4th Hwy,1
3094 Best Lane,1
8188 Tree Ave,1
5224 5th Lane,1
2230 1st St,1
6719 Flute St,1
8064 4th Ave,1
2469 Francis Lane,1
4671 5th Ridge,1
7693 Britain Lane,1
8477 Francis Hwy,1
5178 Weaver Hwy,1
7434 Oak Hwy,1
9744 Texas Drive,1
8821 Elm St,1
2886 Tree Ridge,1
5236 Weaver Drive,1
5862 Apache Ridge,1
7859 4th Ridge,1
6259 Weaver St,1
9980 Lincoln Ave,1
7828 Cherokee Ave,1
5812 Oak St,1
2318 Washington Hwy,1
8809 Flute St,1
3184 Oak Ave,1
6493 Lincoln Lane,1
7162 Maple Ave,1
5455 Tree Ridge,1
5778 Pine Ridge,1
3797 Solo Lane,1
9373 Pine Hwy,1
1365 Francis Ave,1
9239 Washington Ridge,1
3416 Washington Drive,1
1923 2nd Hwy,1
6451 1st Hwy,1
1267 Francis Hwy,1
4158 Washington Lane,1
3796 Cherokee Drive,1
6985 Maple Lane,1
7791 Britain Ridge,1
6355 4th Hwy,1
5780 4th Ave,1
5639 1st Ridge,1
3834 Pine St,1
1358 Maple St,1
7460 Apache Lane,1
5771 Sky Ave,1
2865 Maple Lane,1
8940 Elm Ave,1
1215 Pine Hwy,1
6874 Maple Ridge,1
8834 Elm Drive,1
8542 Lincoln Ridge,1
9397 Francis St,1
4907 Andromedia Drive,1
4429 Washington St,1
2651 MLK Lane,1
2942 1st Lane,1
6317 Best St,1
1555 Washington Lane,1
1919 4th Lane,1
5480 3rd Ridge,1
8864 Tree Ridge,1
2777 Solo Drive,1
9929 Rock Drive,1
4143 Maple Ridge,1
7121 Rock St,1
9067 Texas Ave,1
9245 Weaver Ridge,1
6945 Texas Hwy,1
9154 MLK Hwy,1
3495 Britain Drive,1
8203 Lincoln Ave,1
2980 Sky Ridge,1
5914 Oak Ave,1
3835 5th Ave,1
5925 Tree Hwy,1
6250 1st Ridge,1
1346 5th Lane,1
1128 Maple Lane,1
6309 Cherokee Ave,1
4618 Flute Ave,1
6191 Oak Lane,1
1316 Britain Ridge,1
5924 Maple Drive,1
8917 Tree Ridge,1
3966 Francis Ridge,1
1507 Solo Ave,1
4272 Oak Ridge,1
4434 Lincoln Ave,1
7529 Solo Ridge,1
8096 Apache Hwy,1
9417 Tree Hwy,1
3809 Texas Lane,1
1540 Apache Lane,1
2337 Lincoln Hwy,1
6770 1st St,1
4119 Texas St,1
4347 2nd Ridge,1
1091 1st Drive,1
1416 Cherokee Ridge,1
